Metric,ADT,Diesel particulate matter exposure
Mean,11844.866750735604,0.27879396984924626
Standard Deviation,10225.975087358831,0.08905538376535718
